-e word	root	lemma
ءامن	ءمن	امن
ءامنتم	ءمن	امن
ءامنوا	ءمن	امن
ءأنذرتهم	نذر	انذر
أآب	ءوب	اب
أأب	ءوب	اب
أأبء	ءوب	اب
أآبا	ءوب	اب
أأبا	ءبي	اب
أأباء	ءبو	اباء
أأباءا	ءبو	اباء
أأباءاك	ءبو	اباء
أأباءاكم	ءبو	اباء
أأباءاكما	ءبو	اباء
أأباءاكن	ءبو	اباء
أأباءانا	ءبو	اباء
أأباءاني	ءبو	اباء
أأباءاه	ءبو	اباء
أأباءاها	ءبو	اباء
أأباءاهم	ءبو	اباء
أأباءاهما	ءبو	اباء
أأباءاهن	ءبو	اباء
أأباءت	ءبو	اباء
أأباءتا	ءبو	اباء
أأباءتاك	ءبو	اباء
أأباءتاكم	ءبو	اباء
أأباءتاكما	ءبو	اباء
أأباءتاكن	ءبو	اباء
أأباد	بيد	اباد
أأبادا	بيد	اباد
أأباداك	بيد	اباد
أأباداكم	بيد	اباد
أأباداكما	بيد	اباد
أأباداكن	بيد	اباد
أأبادانا	بيد	اباد
أأباداني	بيد	اباد
أأباداه	بيد	اباد
أأباداها	بيد	اباد
أأباداهم	بيد	اباد
أأباداهما	بيد	اباد
أأباداهن	بيد	اباد
أأبادت	بيد	اباد
أأبادتا	بيد	اباد
أأبادتاك	بيد	اباد
أأبادتاكم	بيد	اباد
أأبادتاكما	بيد	اباد
أأبادتاكن	بيد	اباد
أأبادتانا	بيد	اباد
أأبادتاني	بيد	اباد
أأبادتاه	بيد	اباد
أأبادتاها	بيد	اباد
أأبادتاهم	بيد	اباد
أأبادتاهما	بيد	اباد
أأبادتاهن	بيد	اباد
أأبادتك	بيد	اباد
أأبادتكم	بيد	اباد
أأبادتكما	بيد	اباد
أأبادتكن	بيد	اباد
أأبادتنا	بيد	اباد
أأبادتني	بيد	اباد
أأبادته	بيد	اباد
أأبادتها	بيد	اباد
أأبادتهم	بيد	اباد
أأبادتهما	بيد	اباد
أأبادتهن	بيد	اباد
أأبادر	بدر	ابادر
أأبادرك	بدر	ابادر
أأبادركم	بدر	ابادر
أأبادركما	بدر	ابادر
أأبادركن	بدر	ابادر
أأبادره	بدر	ابادر
أأبادرها	بدر	ابادر
أأبادرهم	بدر	ابادر
أأبادرهما	بدر	ابادر
أأبادرهن	بدر	ابادر
أأبادك	بيد	اباد
أأبادكم	بيد	اباد
أأبادكما	بيد	اباد
أأبادكن	بيد	اباد
أتباحث	بحث	تباحث
أتباحثا	بحث	تباحث
أتباحثت	بحث	تباحث
أتباحثتا	بحث	تباحث
أتباحثتم	بحث	تباحث
أتباحثتما	بحث	تباحث
أتباحثتن	بحث	تباحث
أتباحثن	بحث	تباحث
أتباحثنا	بحث	تباحث
أتباحثوا	بحث	تباحث
أستفتي	فتي	استفتي
أستفتى	فتي	استفتي
استفتي	فتي	استفتي
استفتى	فتي	استفتي
استفتيا	فتي	استفتي
استفتياك	فتي	استفتي
استفتياكم	فتي	استفتي
استفتياكما	فتي	استفتي
استفتياكن	فتي	استفتي
استفتيانا	فتي	استفتي
استفتياني	فتي	استفتي
استفتياه	فتي	استفتي
استفتياها	فتي	استفتي
استفتياهم	فتي	استفتي
استفتياهما	فتي	استفتي
استفتياهن	فتي	استفتي
استفتيت	فتي	استفتي
استفتيتا	فتي	استفتي
استفتيتك	فتي	استفتي
استفتيتكم	فتي	استفتي
استفتيتكما	فتي	استفتي
استفتيتكن	فتي	استفتي
استفتيتم	فتي	استفتي
استفتيتما	فتي	استفتي
استفتيتمانا	فتي	استفتي
استفتيتماني	فتي	استفتي
استفتيتماه	فتي	استفتي
استفتيتماها	فتي	استفتي
استفتيتماهم	فتي	استفتي
استفتيتماهما	فتي	استفتي
استفتيتماهن	فتي	استفتي
استفتيتمونا	فتي	استفتي
استفتيتموني	فتي	استفتي
استفتيتموه	فتي	استفتي
استفتيتموها	فتي	استفتي
استفتيتموهم	فتي	استفتي
استفتيتموهما	فتي	استفتي
استفتيتموهن	فتي	استفتي
استفتيتن	فتي	استفتي
استفتيتنا	فتي	استفتي
استفتيتننا	فتي	استفتي
استفتيتنني	فتي	استفتي
استفتيتنه	فتي	استفتي
استفتيتنها	فتي	استفتي
استفتيتنهم	فتي	استفتي
استفتيتنهما	فتي	استفتي
استفتيتنهن	فتي	استفتي
استفتيتني	فتي	استفتي
استفتيته	فتي	استفتي
استفتيتها	فتي	استفتي
استفتيتهم	فتي	استفتي
استفتيتهما	فتي	استفتي
استفتيتهن	فتي	استفتي
أستفتيك	فتي	استفتي
أستفتيكم	فتي	استفتي
أستفتيكما	فتي	استفتي
أستفتيكن	فتي	استفتي
أستفتين	فتي	استفتي
استفتين	فتي	استفتي
استفتينا	فتي	استفتي
استفتيناك	فتي	استفتي
استفتيناكم	فتي	استفتي
استفتيناكما	فتي	استفتي
استفتيناكن	فتي	استفتي
استفتيناه	فتي	استفتي
استفتيناها	فتي	استفتي
استفتيناهم	فتي	استفتي
استفتيناهما	فتي	استفتي
استفتيناهن	فتي	استفتي
استفتينك	فتي	استفتي
استفتينكم	فتي	استفتي
استفتينكما	فتي	استفتي
استفتينكن	فتي	استفتي
استفتيننا	فتي	استفتي
استفتينني	فتي	استفتي
استفتينه	فتي	استفتي
استفتينها	فتي	استفتي
استفتينهم	فتي	استفتي
استفتينهما	فتي	استفتي
استفتينهن	فتي	استفتي
أستفتيه	فتي	استفتي
استفتيه	فتي	استفتي
أستفتيها	فتي	استفتي
أستفتيهم	فتي	استفتي
استفتيهم	فتي	استفتي
أستفتيهما	فتي	استفتي
أستفتيهن	فتي	استفتي
استنتاج	نتج	استنتاج
استنتاجا	نتج	استنتاج
استنتاجات	نتج	استنتاج
استنتاجاتك	نتج	استنتاج
استنتاجاتكم	نتج	استنتاج
استنتاجاتكما	نتج	استنتاج
استنتاجاتكن	نتج	استنتاج
استنتاجاتنا	نتج	استنتاج
استنتاجاته	نتج	استنتاج
استنتاجاتها	نتج	استنتاج
استنتاجاتهم	نتج	استنتاج
استنتاجاتهما	نتج	استنتاج
استنتاجاتهن	نتج	استنتاج
استنتاجاتي	نتج	استنتاج
استنتاجاك	نتج	استنتاج
استنتاجاكم	نتج	استنتاج
استنتاجاكما	نتج	استنتاج
استنتاجاكن	نتج	استنتاج
استنتاجان	نتج	استنتاج
استنتاجانا	نتج	استنتاج
استنتاجاه	نتج	استنتاج
استنتاجاها	نتج	استنتاج
استنتاجاهم	نتج	استنتاج
استنتاجاهما	نتج	استنتاج
استنتاجاهن	نتج	استنتاج
استنتاجاي	نتج	استنتاج
استنتاجك	نتج	استنتاج
استنتاجكم	نتج	استنتاج
استنتاجكما	نتج	استنتاج
استنتاجكن	نتج	استنتاج
استنتاجنا	نتج	استنتاج
استنتاجه	نتج	استنتاج
استنتاجها	نتج	استنتاج
استنتاجهم	نتج	استنتاج
استنتاجهما	نتج	استنتاج
استنتاجهن	نتج	استنتاج
استنتاجي	نتج	استنتاج
استنتاجيا	نتج	استنتاج
استنتاجية	نتج	استنتاج
استنتاجيك	نتج	استنتاج
استنتاجيكم	نتج	استنتاج
استنتاجيكما	نتج	استنتاج
استنتاجيكن	نتج	استنتاج
استنتاجين	نتج	استنتاج
استنتاجينا	نتج	استنتاج
استنتاجيه	نتج	استنتاج
استنتاجيها	نتج	استنتاج
استنتاجيهم	نتج	استنتاج
استنتاجيهما	نتج	استنتاج
استنتاجيهن	نتج	استنتاج
أستنتج	نتج	استنتج
استنتج	نتج	استنتج
استنتجا	نتج	استنتج
استنتجاه	نتج	استنتج
استنتجاها	نتج	استنتج
استنتجت	نتج	استنتج
استنتجتا	نتج	استنتج
استنتجتاه	نتج	استنتج
استنتجتاها	نتج	استنتج
استنتجتم	نتج	استنتج
استنتجتما	نتج	استنتج
استنتجتماه	نتج	استنتج
استنتجتماها	نتج	استنتج
استنتجتموه	نتج	استنتج
استنتجتموها	نتج	استنتج
استنتجتن	نتج	استنتج
استنتجتنه	نتج	استنتج
استنتجتنها	نتج	استنتج
استنتجته	نتج	استنتج
استنتجتها	نتج	استنتج
أستنتجن	نتج	استنتج
استنتجن	نتج	استنتج
استنتجنا	نتج	استنتج
استنتجناه	نتج	استنتج
استنتجناها	نتج	استنتج
استنتجنه	نتج	استنتج
استنتجنها	نتج	استنتج
أستنتجه	نتج	استنتج
استنتجه	نتج	استنتج
أستنتجها	نتج	استنتج
استنتجها	نتج	استنتج
استنتجوا	نتج	استنتج
استنتجوه	نتج	استنتج
استنتجوها	نتج	استنتج
استنتجي	نتج	استنتج
أسخط	سخط	اسخط
اسخط	سخط	اسخط
أسخطا	سخط	اسخط
اسخطا	سخط	اسخط
أسخطاك	سخط	اسخط
أسخطاكم	سخط	اسخط
أسخطاكما	سخط	اسخط
أسخطاكن	سخط	اسخط
أسخطانا	سخط	اسخط
أسخطاني	سخط	اسخط
أسخطاه	سخط	اسخط
أسخطاها	سخط	اسخط
أسخطاهم	سخط	اسخط
أسخطاهما	سخط	اسخط
أسخطاهن	سخط	اسخط
أسخطت	سخط	اسخط
أسخطتا	سخط	اسخط
أسخطتاك	سخط	اسخط
أسخطتاكم	سخط	اسخط
أسخطتاكما	سخط	اسخط
أسخطتاكن	سخط	اسخط
أسخطتانا	سخط	اسخط
أسخطتاني	سخط	اسخط
أسخطتاه	سخط	اسخط
أسخطتاها	سخط	اسخط
أسخطتاهم	سخط	اسخط
أسخطتاهما	سخط	اسخط
أسخطتاهن	سخط	اسخط
أسخطتك	سخط	اسخط
أسخطتكم	سخط	اسخط
أسخطتكما	سخط	اسخط
أسخطتكن	سخط	اسخط
أسخطتم	سخط	اسخط
أسخطتما	سخط	اسخط
أسخطتمانا	سخط	اسخط
أسخطتماني	سخط	اسخط
أسخطتماه	سخط	اسخط
أسخطتماها	سخط	اسخط
أسخطتماهم	سخط	اسخط
أسخطتماهما	سخط	اسخط
أسخطتماهن	سخط	اسخط
أسخطتمونا	سخط	اسخط
أسخطتموني	سخط	اسخط
أسخطتموه	سخط	اسخط
أسخطتموها	سخط	اسخط
أسخطتموهم	سخط	اسخط
أسخطتموهما	سخط	اسخط
أسخطتموهن	سخط	اسخط
أسخطتن	سخط	اسخط
أسخطتنا	سخط	اسخط
أسخطتننا	سخط	اسخط
أسخطتنني	سخط	اسخط
أسخطتنه	سخط	اسخط
أسخطتنها	سخط	اسخط
أسخطتنهم	سخط	اسخط
أسخطتنهما	سخط	اسخط
أسخطتنهن	سخط	اسخط
أسخطتني	سخط	اسخط
أسخطته	سخط	اسخط
أسخطتها	سخط	اسخط
أسخطتهم	سخط	اسخط
أسخطتهما	سخط	اسخط
أسخطتهن	سخط	اسخط
أسخطك	سخط	اسخط
أسخطكم	سخط	اسخط
أسخطكما	سخط	اسخط
أسخطكن	سخط	اسخط
أسخطن	سخط	اسخط
اسخطن	سخط	اسخط
أسخطنا	سخط	اسخط
أسخطناك	سخط	اسخط
أسخطناكم	سخط	اسخط
أسخطناكما	سخط	اسخط
أسخطناكن	سخط	اسخط
أسخطناه	سخط	اسخط
أسخطناها	سخط	اسخط
أسخطناهم	سخط	اسخط
أسخطناهما	سخط	اسخط
أسخطناهن	سخط	اسخط
أسخطنك	سخط	اسخط
أسخطنكم	سخط	اسخط
أسخطنكما	سخط	اسخط
أسخطنكن	سخط	اسخط
أسخطننا	سخط	اسخط
أسخطنني	سخط	اسخط
أسخطنه	سخط	اسخط
أسخطنها	سخط	اسخط
أسخطنهم	سخط	اسخط
أسخطنهما	سخط	اسخط
أسخطنهن	سخط	اسخط
أسخطني	سخط	اسخط
اسخطني	سخط	اسخط
أسخطه	سخط	اسخط
اسخطه	سخط	اسخط
أسخطها	سخط	اسخط
أسخطهم	سخط	اسخط
أسخطهما	سخط	اسخط
أسخطهن	سخط	اسخط
أسخطوا	سخط	اسخط
اسخطوا	سخط	اسخط
أسخطوك	سخط	اسخط
أسخطوكم	سخط	اسخط
أسخطوكما	سخط	اسخط
أسخطوكن	سخط	اسخط
أسخطونا	سخط	اسخط
أسخطوني	سخط	اسخط
أسخطوه	سخط	اسخط
أسخطوها	سخط	اسخط
أسخطوهم	سخط	اسخط
أسخطوهما	سخط	اسخط
أسخطوهن	سخط	اسخط
أسخطي	سخط	اسخط
اسخطي	سخط	اسخط
أسقط	سقط	اسقط
أسقطا	سقط	اسقط
اسقطا	سقط	اسقط
أسقطاك	سقط	اسقط
أسقطاكم	سقط	اسقط
أسقطاكما	سقط	اسقط
أسقطاكن	سقط	اسقط
أسقطانا	سقط	اسقط
أسقطاني	سقط	اسقط
أسقطاه	سقط	اسقط
أسقطاها	سقط	اسقط
أسقطاهم	سقط	اسقط
أسقطاهما	سقط	اسقط
أسقطاهن	سقط	اسقط
أسقطت	سقط	اسقط
أسقطتا	سقط	اسقط
أسقطتاك	سقط	اسقط
أسقطتاكم	سقط	اسقط
أسقطتاكما	سقط	اسقط
أسقطتاكن	سقط	اسقط
أسقطتانا	سقط	اسقط
أسقطتاني	سقط	اسقط
أسقطتاه	سقط	اسقط
أسقطتاها	سقط	اسقط
أسقطتاهم	سقط	اسقط
أسقطتاهما	سقط	اسقط
أسقطتاهن	سقط	اسقط
أسقطتك	سقط	اسقط
أسقطتكم	سقط	اسقط
أسقطتكما	سقط	اسقط
أسقطتكن	سقط	اسقط
أسقطتم	سقط	اسقط
أسقطتما	سقط	اسقط
أسقطتمانا	سقط	اسقط
أسقطتماني	سقط	اسقط
أسقطتماه	سقط	اسقط
أسقطتماها	سقط	اسقط
أسقطتماهم	سقط	اسقط
أسقطتماهما	سقط	اسقط
أسقطتماهن	سقط	اسقط
أسقطتمونا	سقط	اسقط
أسقطتموني	سقط	اسقط
أسقطتموه	سقط	اسقط
أسقطتموها	سقط	اسقط
أسقطتموهم	سقط	اسقط
أسقطتموهما	سقط	اسقط
أسقطتموهن	سقط	اسقط
أسقطتن	سقط	اسقط
أسقطتنا	سقط	اسقط
أسقطتننا	سقط	اسقط
أسقطتنني	سقط	اسقط
أسقطتنه	سقط	اسقط
أسقطتنها	سقط	اسقط
أسقطتنهم	سقط	اسقط
أسقطتنهما	سقط	اسقط
أسقطتنهن	سقط	اسقط
أسقطتني	سقط	اسقط
أسقطته	سقط	اسقط
أسقطتها	سقط	اسقط
أسقطتهم	سقط	اسقط
أسقطتهما	سقط	اسقط
أسقطتهن	سقط	اسقط
أسقطك	سقط	اسقط
أسقطكم	سقط	اسقط
أسقطكما	سقط	اسقط
أسقطكن	سقط	اسقط
أسقطم	سقط	اسقط
أسقطن	سقط	اسقط
اسقطن	سقط	اسقط
أسقطنا	سقط	اسقط
أسقطناك	سقط	اسقط
أسقطناكم	سقط	اسقط
أسقطناكما	سقط	اسقط
أسقطناكن	سقط	اسقط
أسقطناه	سقط	اسقط
أسقطناها	سقط	اسقط
أسقطناهم	سقط	اسقط
أسقطناهما	سقط	اسقط
أسقطناهن	سقط	اسقط
أسقطنك	سقط	اسقط
أسقطنكم	سقط	اسقط
أسقطنكما	سقط	اسقط
أسقطنكن	سقط	اسقط
أسقطننا	سقط	اسقط
أسقطنني	سقط	اسقط
أسقطنه	سقط	اسقط
أسقطنها	سقط	اسقط
أسقطنهم	سقط	اسقط
أسقطنهما	سقط	اسقط
أسقطنهن	سقط	اسقط
أسقطني	سقط	اسقط
أسقطه	سقط	اسقط
أسقطها	سقط	اسقط
أسقطهم	سقط	اسقط
أسقطهما	سقط	اسقط
أسقطهن	سقط	اسقط
أسقطوا	سقط	اسقط
أسقطوك	سقط	اسقط
أسقطوكم	سقط	اسقط
أسقطوكما	سقط	اسقط
أسقطوكن	سقط	اسقط
أسقطونا	سقط	اسقط
أسقطوني	سقط	اسقط
أسقطوه	سقط	اسقط
أسقطوها	سقط	اسقط
أسقطوهم	سقط	اسقط
أسقطوهما	سقط	اسقط
أسقطوهن	سقط	اسقط
أسقطي	سقط	اسقط
اسقطي	سقط	اسقط
باختصار	خصر	اختصار
باختصارات	خصر	اختصار
باختصاراتك	خصر	اختصار
باختصاراتكم	خصر	اختصار
باختصاراتكما	خصر	اختصار
باختصاراتكن	خصر	اختصار
باختصاراتنا	خصر	اختصار
باختصاراته	خصر	اختصار
باختصاراتها	خصر	اختصار
باختصاراتهم	خصر	اختصار
باختصاراتهما	خصر	اختصار
باختصاراتهن	خصر	اختصار
باختصاراتي	خصر	اختصار
باختصارك	خصر	اختصار
باختصاركم	خصر	اختصار
باختصاركما	خصر	اختصار
باختصاركن	خصر	اختصار
باختصارنا	خصر	اختصار
باختصاره	خصر	اختصار
باختصارها	خصر	اختصار
باختصارهم	خصر	اختصار
باختصارهما	خصر	اختصار
باختصارهن	خصر	اختصار
باختصاري	خصر	اختصار
باختصاريك	خصر	اختصار
باختصاريكم	خصر	اختصار
باختصاريكما	خصر	اختصار
باختصاريكن	خصر	اختصار
باختصارين	خصر	اختصار
باختصارينا	خصر	اختصار
باختصاريه	خصر	اختصار
باختصاريها	خصر	اختصار
باختصاريهم	خصر	اختصار
باختصاريهما	خصر	اختصار
باختصاريهن	خصر	اختصار
باختصاريي	خصر	اختصار
بإخراج	خرج	اخراج
بإخراجك	خرج	اخراج
بإخراجكم	خرج	اخراج
بإخراجكما	خرج	اخراج
بإخراجكن	خرج	اخراج
بإخراجنا	خرج	اخراج
بإخراجه	خرج	اخراج
بإخراجها	خرج	اخراج
بإخراجهم	خرج	اخراج
بإخراجهما	خرج	اخراج
بإخراجهن	خرج	اخراج
بإخراجي	خرج	اخراج
بإخراس	خرس	اخراس
بإخراسك	خرس	اخراس
بإخراسكم	خرس	اخراس
بإخراسكما	خرس	اخراس
بإخراسكن	خرس	اخراس
بإخراسنا	خرس	اخراس
بإخراسه	خرس	اخراس
بإخراسها	خرس	اخراس
بإخراسهم	خرس	اخراس
بإخراسهما	خرس	اخراس
بإخراسهن	خرس	اخراس
بإخراسي	خرس	اخراس
بإسلام	سلم	اسلام
بإسلامك	سلم	اسلام
بإسلامكم	سلم	اسلام
بإسلامكما	سلم	اسلام
بإسلامكن	سلم	اسلام
بإسلامنا	سلم	اسلام
بإسلامه	سلم	اسلام
بإسلامها	سلم	اسلام
بإسلامهم	سلم	اسلام
بإسلامهما	سلم	اسلام
بإسلامهن	سلم	اسلام
بإسلامي	سلم	اسلام
بإسلاميات	سلم	اسلام
بإسلامية	سلم	اسلام
بإسلاميتكم	سلم	اسلام
بإسلاميته	سلم	اسلام
بإسلاميتها	سلم	اسلام
بإسلاميتهم	سلم	اسلام
بإسلاميتي	سلم	اسلام
بإسلاميتين	سلم	اسلام
بإسلامين	سلم	اسلام
بإسلاميي	سلم	اسلام
بإسلامييك	سلم	اسلام
بإسلامييكم	سلم	اسلام
بإسلامييكما	سلم	اسلام
بإسلامييكن	سلم	اسلام
بإسلاميين	سلم	اسلام
بإسلاميينا	سلم	اسلام
بإسلامييه	سلم	اسلام
بإسلامييها	سلم	اسلام
بإسلامييهم	سلم	اسلام
بإسلامييهما	سلم	اسلام
بإسلامييهن	سلم	اسلام
ببواب	باب	بواب
ببوابات	باب	بواب
ببواباتك	باب	بواب
ببواباتكم	بوب	بواب
ببواباتكما	بوب	بواب
ببواباتكن	بوب	بواب
ببواباتنا	بوب	بواب
ببواباته	بوب	بواب
ببواباتها	بوب	بواب
ببواباتهم	بوب	بواب
ببواباتهما	بوب	بواب
ببواباتهن	بوب	بواب
ببواباتي	بوب	بواب
ببوابة	بوب	بواب
ببوابتك	بوب	بواب
ببوابتكم	بوب	بواب
ببوابتكما	بوب	بواب
ببوابتكن	بوب	بواب
ببوابتنا	بوب	بواب
ببوابته	بوب	بواب
ببوابتها	بوب	بواب
ببوابتهم	بوب	بواب
ببوابتهما	بوب	بواب
ببوابتهن	بوب	بواب
ببوابتي	بوب	بواب
ببوابتيك	بوب	بواب
ببوابتيكم	بوب	بواب
ببوابتيكما	بوب	بواب
ببوابتيكن	بوب	بواب
ببوابتين	بوب	بواب
ببوابتينا	بوب	بواب
ببوابتيه	بوب	بواب
ببوابتيها	بوب	بواب
ببوابتيهم	بوب	بواب
ببوابتيهما	بوب	بواب
ببوابتيهن	بوب	بواب
ببوابك	بوب	بواب
ببوابكم	بوب	بواب
ببوابكما	بوب	بواب
ببوابكن	بوب	بواب
ببوابنا	بوب	بواب
ببوابه	بوب	بواب
ببوابها	بوب	بواب
ببوابهم	بوب	بواب
ببوابهما	بوب	بواب
ببوابهن	بوب	بواب
ببوابي	بوب	بواب
ببئس	بيس	بيس
ببئسك	بيس	بيس
ببئسكم	بيس	بيس
ببئسكما	بيس	بيس
ببئسكن	بيس	بيس
ببئسنا	بيس	بيس
ببئسه	بيس	بيس
ببئسها	بيس	بيس
ببئسهم	بيس	بيس
ببئسهما	بيس	بيس
ببئسهن	بيس	بيس
ببئسي	بيس	بيس
ببئيس	بيس	بييس
ببئيسك	بيس	بييس
ببئيسكم	بيس	بييس
ببئيسكما	بيس	بييس
ببئيسكن	بيس	بييس
ببئيسنا	بيس	بييس
ببئيسه	بيس	بييس
ببئيسها	بيس	بييس
ببئيسهم	بيس	بييس
ببئيسهما	بيس	بييس
ببئيسهن	بيس	بييس
ببئيسي	بيس	بييس
ببيتك	بيت	بيت
ببيتكم	بيت	بيت
ببيتكما	بيت	بيت
ببيتكن	بيت	بيت
ببيتنا	بيت	بيت
ببيته	بيت	بيت
ببيتها	بيت	بيت
ببيتهم	بيت	بيت
ببيتهما	بيت	بيت
بتأثر	ءثر	تاثر
بتأثرات	ءثر	تاثر
بتأثراتهم	ءثر	تاثر
بتأثرك	ءثر	تاثر
بتأثركم	ءثر	تاثر
بتأثركما	ءثر	تاثر
بتأثركن	ءثر	تاثر
بتأثرنا	ءثر	تاثر
بتأثره	ءثر	تاثر
بتأثرها	ءثر	تاثر
بتأثرهم	ءثر	تاثر
بتأثرهما	ءثر	تاثر
بتأثرهن	ءثر	تاثر
بتأثري	ءثر	تاثر
بتأثريات	ءثر	تاثر
بتأثرية	ءثر	تاثر
بتأثريتك	ءثر	تاثر
بتأثريتكم	ءثر	تاثر
بتأثريتكما	ءثر	تاثر
بتأثريتكن	ءثر	تاثر
بتأثريتنا	ءثر	تاثر
بتأثريته	ءثر	تاثر
بتأثريتها	ءثر	تاثر
بتأثريتهم	ءثر	تاثر
بتأثريتهما	ءثر	تاثر
بتأثريتهن	ءثر	تاثر
بتأثريتي	ءثر	تاثر
بتأثريتيك	ءثر	تاثر
بتأثريتيكم	ءثر	تاثر
بتأثريتيكما	ءثر	تاثر
بتأثريتيكن	ءثر	تاثر
بتأثريتين	ءثر	تاثر
بتأثريتينا	ءثر	تاثر
بتأثريتيه	ءثر	تاثر
بتأثريتيها	ءثر	تاثر
بتأثريتيهم	ءثر	تاثر
بتأثريتيهما	ءثر	تاثر
بتأثريتيهن	ءثر	تاثر
بتأثريك	ءثر	تاثر
بتأثريكم	ءثر	تاثر
بتأثريكما	ءثر	تاثر
بتأثريكن	ءثر	تاثر
بتأثرين	ءثر	تاثر
بتأثرينا	ءثر	تاثر
بتأثريه	ءثر	تاثر
بتأثريها	ءثر	تاثر
بتأثريهم	ءثر	تاثر
بتأثريهما	ءثر	تاثر
بتأثريهن	ءثر	تاثر
بتأثريي	ءثر	تاثر
بتأثرييك	ءثر	تاثر
بتأثرييكم	ءثر	تاثر
بتأثرييكما	ءثر	تاثر
بتأثرييكن	ءثر	تاثر
بتأثريين	ءثر	تاثر
بتأثريينا	ءثر	تاثر
بتأثرييه	ءثر	تاثر
بتأثرييها	ءثر	تاثر
بتأثرييهم	ءثر	تاثر
بتأثرييهما	ءثر	تاثر
بتأثرييهن	ءثر	تاثر
بمعهد	عهد	معهد
بمعهدك	عهد	معهد
بمعهدكم	عهد	معهد
بمعهدكما	عهد	معهد
بمعهدكن	عهد	معهد
بمعهدنا	عهد	معهد
بمعهده	عهد	معهد
بمعهدها	عهد	معهد
بمعهدهم	عهد	معهد
بمعهدهما	عهد	معهد
بمعهدهن	عهد	معهد
بمعهدي	عهد	معهد
بمعهديك	عهد	معهد
بمعهديكم	عهد	معهد
بمعهديكما	عهد	معهد
بمعهديكن	عهد	معهد
بمعهدين	عهد	معهد
بمعهدينا	عهد	معهد
بمعهديه	عهد	معهد
بمعهديها	عهد	معهد
بمعهديهم	عهد	معهد
بمعهديهما	عهد	معهد
بمعهديهن	عهد	معهد
بمعهود	عهد	معهود
بمعهودة	عهد	معهود
بمعهودتك	عهد	معهود
بمعهودتكم	عهد	معهود
بمعهودتكما	عهد	معهود
بمعهودتكن	عهد	معهود
بمعهودتنا	عهد	معهود
بمعهودته	عهد	معهود
بمعهودتها	عهد	معهود
بمعهودتهم	عهد	معهود
بمعهودتهما	عهد	معهود
بمعهودتهن	عهد	معهود
بمعهودتي	عهد	معهود
بمعهودتيك	عهد	معهود
بمعهودتيكم	عهد	معهود
بمعهودتيكما	عهد	معهود
بمعهودتيكن	عهد	معهود
بمعهودتين	عهد	معهود
بمعهودتينا	عهد	معهود
بمعهودتيه	عهد	معهود
بمعهودتيها	عهد	معهود
بمعهودتيهم	عهد	معهود
بمعهودتيهما	عهد	معهود
بمعهودتيهن	عهد	معهود
بمعهودك	عهد	معهود
بمعهودكم	عهد	معهود
بمعهودكما	عهد	معهود
بمعهودكن	عهد	معهود
بمعهودنا	عهد	معهود
بمعهوده	عهد	معهود
بمعهودها	عهد	معهود
بمعهودهم	عهد	معهود
بمعهودهما	عهد	معهود
بمعهودهن	عهد	معهود
بمعهودي	عهد	معهود
بمعهوديك	عهد	معهود
بمعهوديكم	عهد	معهود
بمعهوديكما	عهد	معهود
بمعهوديكن	عهد	معهود
بمعهودين	عهد	معهود
بمعهودينا	عهد	معهود
بمعهوديه	عهد	معهود
بمعهوديها	عهد	معهود
بمعهوديهم	عهد	معهود
بمعهوديهما	عهد	معهود
بمعهوديهن	عهد	معهود
بمعيار	عير	معيار
بمعيارك	عير	معيار
بمعياركم	عير	معيار
بمعياركما	عير	معيار
بمعياركن	عير	معيار
بمعيارنا	عير	معيار
بمعياره	عير	معيار
بمعيارها	عير	معيار
بمعيارهم	عير	معيار
بمعيارهما	عير	معيار
بمعيارهن	عير	معيار
بمعياري	عير	معيار
بمعياريات	عير	معيار
بمعيارية	عير	معيار
بمعياريك	عير	معيار
بمعياريكم	عير	معيار
بمعياريكما	عير	معيار
بمعياريكن	عير	معيار
بمعيارين	عير	معيار
بمعيارينا	عير	معيار
بمعياريه	عير	معيار
بمعياريها	عير	معيار
بمعياريهم	عير	معيار
بمعياريهما	عير	معيار
بمعياريهن	عير	معيار
بمعياريي	عير	معيار
بمعياريين	عير	معيار
اخذ	اخذ	اخذ
سأل	سءل	سال
يسأل	سءل	سال
السائل	سءل	سايل
اب	ءبو	اب
أأب	ءوب	اب
أأباكم	ءبو	اب
درس	درس	درس
فدرس	درس	درس
ودرس	درس	درس
تدرس	درس	درس
ادرس	درس	درس
ندرس	درس	درس
يدرس	درس	درس
ستدرس	درس	درس
سادرس	درس	درس
سندرس	درس	درس
سيدرس	درس	درس
لدرس	درس	درس
كدرس	درس	درس
الدرس	درس	درس
للدرس	درس	درس
فالدرس	درس	درس
كالدرس	درس	درس
والدرس	درس	درس
مدرس	درس	مدرس
المدرس	درس	مدرس
فالمدرس	درس	مدرس
والمدرس	درس	مدرس
كالمدرس	درس	مدرس
درسه	درس	درس
فدرسه	درس	درس
ودرسه	درس	درس
تدرسه	درس	درس
ادرسه	درس	درس
ندرسه	درس	درس
يدرسه	درس	درس
ستدرسه	درس	درس
سادرسه	درس	درس
سندرسه	درس	درس
سيدرسه	درس	درس
لدرسه	درس	درس
كدرسه	درس	درس
مدرسه	درس	مدرس
درسها	درس	درس
فدرسها	درس	درس
ودرسها	درس	درس
تدرسها	درس	درس
ادرسها	درس	درس
ندرسها	درس	درس
يدرسها	درس	درس
ستدرسها	درس	درس
سادرسها	درس	درس
سندرسها	درس	درس
سيدرسها	درس	درس
لدرسها	درس	درس
كدرسها	درس	درس
مدرسها	درس	مدرس
المدرسون	درس	مدرس
فالمدرسون	درس	مدرس
فالمدرسات	درس	مدرس
المدرستين	درس	مدرس
فالمدرستين	درس	مدرس
المدرستين	درس	مدرس
والمدرستين	درس	مدرس
كالمدرستنان	درس	مدرس
المدرستان	درس	مدرس
مدرسات	درس	مدرس
دروس	درس	دروس
الدروس	درس	دروس
فالدروس	درس	دروس
والدروس	درس	دروس
دروسها	درس	دروس
ودروسها	درس	دروس
فدروسها	درس	دروس
لدروسها	درس	دروس
دروسه	درس	دروس
فدروسه	درس	دروس
دروسهن	درس	دروس
ودروسهن	درس	دروس
فدروسهن	درس	دروس
دروسهم	درس	دروس
فدروسهم	درس	دروس
لدروسهم	درس	دروس
دروسك	درس	دروس
فدروسك	درس	دروس
ودروسك	درس	دروس
لدروسك	درس	دروس
للدروس	درس	دروس
دارس	درس	دارس
فدارس	درس	دارس
ودارس	درس	دارس
الدارس	درس	دارس
والدارس	درس	دارس
فالدارس	درس	دارس
الدارسه	درس	دارس
الدارسة	درس	دارس
لدارس	درس	دارس
للدارس	درس	دارس
وللدارس	درس	دارس
فلدارس	درس	دارس
دارسه	درس	دارس
دارسة	درس	دارس
دارسهن	درس	دارس
دارستها	درس	دارس
دارستهم	درس	دارس
دارسين	درس	دارس
للطلب	طلب	طلب
للطلبات	طلب	طلب
للطلبة	طلب	طلب
للطلبي	طلب	طلب
للطلبيات	طلب	طلب
للطلبية	طلب	طلب
للطلبيتين	طلب	طلب
للطلبين	طلب	طلب
الطلبة	طلب	طلب
طلب	طلب	طلب
والطلبة	طلب	طلب
والطلب	طلب	طلب
فالطلب	طلب	طلب
فالطلبة	طلب	طلب
كالطلب	طلب	طلب
كطلبة	طلب	طلب
طلبي	طلب	طلب
طلبت	طلب	طلب
تطلب	طلب	طلب
اطلب	طلب	طلب
نطلب	طلب	طلب
يطلب	طلب	طلب
ستطلب	طلب	طلب
ساطلب	طلب	طلب
سيطلب	طلب	طلب
سنطلب	طلب	طلب
طلبته	طلب	طلب
تطلبه	طلب	طلب
اطلبه	طلب	طلب
نطلبه	طلب	طلب
يطلبه	طلب	طلب
ستطلبه	طلب	طلب
ساطلبه	طلب	طلب
سيطلبه	طلب	طلب
سنطلبه	طلب	طلب
طلبتها	طلب	طلب
تطلبها	طلب	طلب
اطلبها	طلب	طلب
نطلبها	طلب	طلب
يطلبها	طلب	طلب
ستطلبها	طلب	طلب
ساطلبها	طلب	طلب
سيطلبها	طلب	طلب
سنطلبها	طلب	طلب
طلبتهم	طلب	طلب
تطلبهم	طلب	طلب
اطلبهم	طلب	طلب
نطلبهم	طلب	طلب
يطلبهم	طلب	طلب
ستطلبهم	طلب	طلب
ساطلبهم	طلب	طلب
سيطلبهم	طلب	طلب
سنطلبهم	طلب	طلب
طلبناهم	طلب	طلب
تطلبوهم	طلب	طلب
اطلبوهم	طلب	طلب
نطلبوهم	طلب	طلب
يطلبوهم	طلب	طلب
ستطلبهم	طلب	طلب
ساطلبن	طلب	طلب
سيطلبن	طلب	طلب
سنطلبن	طلب	طلب
طالب	طلب	طالب
والطالب	طلب	طالب
فالطالب	طلب	طالب
للطالب	طلب	طالب
كالطالب	طلب	طالب
لطالب	طلب	طالب
الطالبين	طلب	طالب
الطالبان	طلب	طالب
الطالبتين	طلب	طالب
الطالبتان	طلب	طالب
فالطالبتان	طلب	طالب
فالطالبون	طلب	طالب
والطالبون	طلب	طالب
والطالبتين	طلب	طالب
فالطالبتين	طلب	طالب
فالطالبتان	طلب	طالب
الطالبون	طلب	طالب
فالطالبون	طلب	طالب
الطالبين	طلب	طالب
والطالبين	طلب	طالب
فالطالبات	طلب	طالب
والطالبات	طلب	طالب
والطالبين	طلب	طالب
فالطالبين	طلب	طالب
فالطالبون	طلب	طالب
الطالبات	طلب	طالب
الطلاب	طلب	طلاب
طلاب	طلب	طلاب
وطلاب	طلب	طلاب
والطلاب	طلب	طلاب
فالطلاب	طلب	طلاب
كالطلاب	طلب	طلاب
والطلابون	طلب	طلاب
والطلابين	طلب	طلاب
فالطلابين	طلب	طلاب
والطلابين	طلب	طلاب
طلابهم	طلب	طلاب
طلابهن	طلب	طلاب
مطلب	طلب	مطلب
المطلب	طلب	مطلب
والمطلب	طلب	مطلب
فالمطلب	طلب	مطلب
مطلبهم	طلب	مطلب
كالمطلب	طلب	مطلب
كمطلب	طلب	مطلب
فمطلب	طلب	مطلب
مطلبهن	طلب	مطلب
كمطلبهن	طلب	مطلب
ومطلبهن	طلب	مطلب
ومطلبهم	طلب	مطلب
فمطلبهم	طلب	مطلب
طلوب	طلب	طلوب
فطلوب	طلب	طلوب
وطلوب	طلب	طلوب
الطلوب	طلب	طلوب
كالطلوب	طلب	طلوب
كطلوب	طلب	طلوب
طليب	طلب	طليب
الطليب	طلب	طليب
والطليب	طلب	طليب
فالطليب	طلب	طليب
للطليب	طلب	طليب
طليبهم	طلب	طليب
مطلوب	طلب	مطلوب
فالمطلوب	طلب	مطلوب
مطلوبهم	طلب	مطلوب
والمطلوب	طلب	مطلوب
المطلوب	طلب	مطلوب
شمس	شمس	شمس
الشمس	شمس	شمس
فالشمس	شمس	شمس
والشمس	شمس	شمس
وللشمس	شمس	شمس
للشمس	شمس	شمس
شمسهم	شمس	شمس
شموس	شمس	شموس
شموسهم	شمس	شموس
وشمس	شمس	شمس
قمر	قمر	قمر
قمور	قمر	قمور
أقمار	قمر	اقمار
وقمر	قمر	قمر
والقمور	قمر	قمور
فالقمر	قمر	قمر
الله	الله	الله
والله	الله	الله
بالله	الله	الله
لله	لله	لله
اله	اله	اله
اسقيناكموه	اسق	اسقي
نلزمكموها	لزم	لزم
نلزمكم	لزم	لزم
لزم	لزم	لزم
الزم	لزم	لزم
تلزم	لزم	لزم
الزمهم	لزم	لزم
قتل	قتل	قتل
يقاتل	قتل	قاتل
قاتل	قتل	قاتل
قتيل	قتل	قتيل
اقتلهم	قتل	قتل
قتلهم	قتل	قتل
والقاتل	قتل	قاتل
المقتول	قتل	مقتول
مقتول	قتل	مقتول
فالمقتول	قتل	مقتول
والمقتول	قتل	مقتول
قتال	قتل	قتال
والقتال	قتل	قتال
قتالهم	قتل	قتال
قتالكم	قتل	قتال
قاتلنا	قتل	قاتل
قاتلات	قتل	قاتل
قاتلتين	قتل	قاتل
قاتلتان	قتل	قاتل
قاتلان	قتل	قاتل
قاتلين	قتل	قاتل
القتلة	قتل	قتل
طفل	طفل	طفل
الطفل	طفل	طفل
والطفل	طفل	طفل
كالطفل	طفل	طفل
فالطفل	طفل	طفل
طفلي	طفل	طفل
طفلهم	طفل	طفل
طفلنا	طفل	طفل
طفلة	طفل	طفل
الطفلة	طفل	طفل
كالطفلة	طفل	طفل
فالطفلة	طفل	طفل
طفلتي	طفل	طفل
طفلتهم	طفل	طفل
طفلتهما	طفل	طفل
طفلتنا	طفل	طفل
طفولة	طفل	طفول
الطفولة	طفل	طفول
والطفولة	طفل	طفول
فالطفولة	طفل	طفول
كالطفولة	طفل	طفول
طفولتهم	طفل	طفول
وطفولتهم	طفل	طفول
فطفولتهم	طفل	طفول
كطفولتهم	طفل	طفول
طفولتي	طفل	طفول
وطفولتي	طفل	طفول
فطفولتي	طفل	طفول
كطفولتي	طفل	طفول
طفولتنا	طفل	طفول
وطفولتنا	طفل	طفول
فطفولتنا	طفل	طفول
طفلات	طفل	طفل
طفلتين	طفل	طفل
طفلتان	طفل	طفل
طفلان	طفل	طفل
الطفلات	طفل	طفل
والطفلات	طفل	طفل
وطفلتين	طفل	طفل
والطفلتين	طفل	طفل
الطفلتين	طفل	طفل
طفيل	طفل	طفيل
الطفيل	طفل	طفيل
والطفيل	طفل	طفيل
فالطفيل	طفل	طفيل
كالطفيل	طفل	طفيل
طفيلي	طفل	طفيل
طفيلة	طفل	طفيل
الطفيلة	طفل	طفيل
والطفيلة	طفل	طفيل
فالطفيلة	طفل	طفيل
كالطفيلة	طفل	طفيل
اطفال	طفل	اطفال
الاطفال	طفل	اطفال
فالاطفال	طفل	اطفال
والاطفال	طفل	اطفال
كالاطفال	طفل	اطفال
وأطفالهم	طفل	اطفال
فأطفالهم	طفل	اطفال
أطفالهن	طفل	اطفال
أطفالي	طفل	اطفال
فأطفالي	طفل	اطفال
مستطفل	طفل	مستطفل
استطفل	طفل	استطفل

